feature,importance
rpm,0.29635257
torque,0.24219055
tool_wear,0.2193269
air_temp,0.110614575
process_temp,0.08183152
type_enc,0.049683824
